id,employer_id,benefit_policy_id,policy_number,updated_at,updated_by
10249,1,1,,2026-05-31 22:20:20.554288,
10263,1,1,,2026-05-31 22:20:22.569501,
10274,1,1,,2026-05-31 22:20:23.893728,
10279,1,1,,2026-05-31 22:20:24.452618,
10442,1,1,,2026-05-31 22:20:49.504324,
10508,1,1,,2026-05-31 22:21:00.56516,
10511,1,1,,2026-05-31 22:21:00.938705,
11067,1,1,,2026-05-31 22:23:23.581198,
11173,1,1,,2026-05-31 22:23:56.541528,
11213,1,1,,2026-05-31 22:24:08.523024,
11217,1,1,,2026-05-31 22:24:09.619801,
11223,1,1,,2026-05-31 22:24:20.265167,
11233,1,1,,2026-05-31 22:24:30.310799,
11366,1,1,,2026-06-28 01:24:32.016313,
12524,1,1,,2026-06-28 01:36:46.720514,
12536,1,1,,2026-05-31 22:21:00.939214,
15041,1,1,,2026-05-31 22:23:23.581198,
15493,1,1,,2026-05-31 22:23:56.541528,
15624,1,1,,2026-06-28 01:37:12.391759,
15645,1,1,,2026-06-28 01:37:13.293286,
15657,1,1,,2026-05-31 22:24:20.265167,
15704,1,1,,2026-05-31 22:24:30.310799,
